url,title,created_date,last_comment,num_comments
https://www.kaggle.com/c/cassava-leaf-disease-classification/discussion/198118,New to Machine Learning or Kaggle?,2020-11-20 06:20:37,2020-12-13 15:22:03,16
https://www.kaggle.com/c/cassava-leaf-disease-classification/discussion/198117,Looking for a Team Thread,2020-11-20 06:17:53,2020-12-11 12:52:27,73
https://www.kaggle.com/c/cassava-leaf-disease-classification/discussion/202017,"if you are not getting lb 0.901 and above, here is why",2020-12-08 06:36:10,2020-12-13 21:29:17,54
https://www.kaggle.com/c/cassava-leaf-disease-classification/discussion/202673,More noisy samples,2020-12-11 19:07:36,2020-12-13 08:34:56,8
https://www.kaggle.com/c/cassava-leaf-disease-classification/discussion/202351,8 techniques to experiment for improvement the model performance,2020-12-10 00:01:48,2020-12-13 00:09:07,9
https://www.kaggle.com/c/cassava-leaf-disease-classification/discussion/202943,Class distribution in public test set (public LB),2020-12-13 05:12:30,2020-12-13 16:32:24,1
https://www.kaggle.com/c/cassava-leaf-disease-classification/discussion/202485,How To: Reuse Previous Competition Code On New Competition,2020-12-10 18:20:35,2020-12-12 17:12:59,3
https://www.kaggle.com/c/cassava-leaf-disease-classification/discussion/202581,Deep Learning on Controlled Noisy Labels,2020-12-11 06:32:36,2020-12-13 16:38:41,1
https://www.kaggle.com/c/cassava-leaf-disease-classification/discussion/202652,Pytorch vs Keras?,2020-12-11 17:10:18,2020-12-13 17:41:32,4
https://www.kaggle.com/c/cassava-leaf-disease-classification/discussion/202720,EfficicentNet Input Size / Keras Question,2020-12-12 00:21:37,2020-12-12 08:27:03,5
https://www.kaggle.com/c/cassava-leaf-disease-classification/discussion/202857,Pretrained Model weights for inference [Keras],2020-12-12 20:11:09,2020-12-12 20:11:09,0
https://www.kaggle.com/c/cassava-leaf-disease-classification/discussion/202247,Key Classes in this Competition,2020-12-09 13:30:37,2020-12-10 05:10:33,4
https://www.kaggle.com/c/cassava-leaf-disease-classification/discussion/202560,Create Target for Mosaic Augmentation?,2020-12-11 03:57:35,2020-12-12 05:34:33,6
https://www.kaggle.com/c/cassava-leaf-disease-classification/discussion/202304,[TF.Keras]: Advanced Augmentations in Sequence Generator,2020-12-09 19:23:10,2020-12-11 17:39:40,3
https://www.kaggle.com/c/cassava-leaf-disease-classification/discussion/202292,What's yours GPU Usage?,2020-12-09 18:24:19,2020-12-11 20:23:42,10
https://www.kaggle.com/c/cassava-leaf-disease-classification/discussion/202837,What about the noise in the private test data???,2020-12-12 17:23:42,2020-12-13 15:12:01,3
https://www.kaggle.com/c/cassava-leaf-disease-classification/discussion/202206,Why we have a noisy dataset (CutMix vs MixUp),2020-12-09 08:26:48,2020-12-10 16:27:11,3
https://www.kaggle.com/c/cassava-leaf-disease-classification/discussion/202997,How to submit predictions,2020-12-13 15:23:48,2020-12-13 17:33:58,1
https://www.kaggle.com/c/cassava-leaf-disease-classification/discussion/202333,Things I've tried with FastAI till now,2020-12-09 22:32:19,2020-12-12 06:31:49,17
https://www.kaggle.com/c/cassava-leaf-disease-classification/discussion/202946,Getting LB score of 0.048 even after using everything to the best of my knowledge.,2020-12-13 05:36:30,2020-12-13 20:45:10,4
https://www.kaggle.com/c/cassava-leaf-disease-classification/discussion/202627,Aug to try: SnapMix,2020-12-11 13:45:31,2020-12-11 17:41:40,2
https://www.kaggle.com/c/cassava-leaf-disease-classification/discussion/202764,Does anyone have a sense of the score of the labels?,2020-12-12 06:47:13,2020-12-12 06:47:13,0
https://www.kaggle.com/c/cassava-leaf-disease-classification/discussion/202466,Can we Write a Blog and Publish it for this competition ?,2020-12-10 15:28:36,2020-12-11 06:27:20,2
https://www.kaggle.com/c/cassava-leaf-disease-classification/discussion/200726,What did/did not work for me so far?,2020-12-02 00:54:30,2020-12-09 08:16:06,35
https://www.kaggle.com/c/cassava-leaf-disease-classification/discussion/201699,Rethinking CV Strategy : StratifiedGroup-Kfold,2020-12-06 18:35:18,2020-12-09 17:25:08,7
https://www.kaggle.com/c/cassava-leaf-disease-classification/discussion/202427,Kaggle competition fairness,2020-12-10 09:19:10,2020-12-11 05:39:22,8
https://www.kaggle.com/c/cassava-leaf-disease-classification/discussion/202322,Canceling a submission,2020-12-09 21:52:41,2020-12-10 22:31:39,10
https://www.kaggle.com/c/cassava-leaf-disease-classification/discussion/202759,My updated questions,2020-12-12 06:11:21,2020-12-13 05:36:28,7
https://www.kaggle.com/c/cassava-leaf-disease-classification/discussion/202651,Create TF Record + Stratified Sampling,2020-12-11 17:07:50,2020-12-11 17:07:50,0
https://www.kaggle.com/c/cassava-leaf-disease-classification/discussion/202826,How to best ensemble tf models?,2020-12-12 16:23:57,2020-12-12 16:23:57,0
https://www.kaggle.com/c/cassava-leaf-disease-classification/discussion/201601,Vision Transformer(ViT) - Visualize Attention Map,2020-12-06 03:21:46,2020-12-09 03:15:48,4
https://www.kaggle.com/c/cassava-leaf-disease-classification/discussion/201025,How to keep track of Experiments?,2020-12-03 05:23:48,2020-12-09 05:31:25,26
https://www.kaggle.com/c/cassava-leaf-disease-classification/discussion/201977,Ninja Techniques To Make Most Out of Google Cloud TPUs !,2020-12-08 01:31:24,2020-12-08 13:03:59,2
https://www.kaggle.com/c/cassava-leaf-disease-classification/discussion/200141,[completed] starter kit ....based on 2019 kaggle cassava challenge,2020-11-29 12:43:28,2020-12-12 00:03:30,6
https://www.kaggle.com/c/cassava-leaf-disease-classification/discussion/201567,Image Augmentation or any sprinkle of magic?,2020-12-06 01:03:57,2020-12-09 02:23:33,24
https://www.kaggle.com/c/cassava-leaf-disease-classification/discussion/202708,External data size limit?,2020-12-11 22:52:27,2020-12-11 22:52:27,0
https://www.kaggle.com/c/cassava-leaf-disease-classification/discussion/202580,Augmentation on Validation Images,2020-12-11 06:22:50,2020-12-12 05:08:31,1
https://www.kaggle.com/c/cassava-leaf-disease-classification/discussion/201911,(Cross-)validation strategy for this competition,2020-12-07 17:15:26,2020-12-07 22:53:59,1
https://www.kaggle.com/c/cassava-leaf-disease-classification/discussion/198143,Cassava Lead Diseases: Overview,2020-11-20 09:02:42,2020-12-13 07:53:11,8
https://www.kaggle.com/c/cassava-leaf-disease-classification/discussion/201847,Please add an accurate running time for submission,2020-12-07 13:21:33,2020-12-07 16:54:34,1
https://www.kaggle.com/c/cassava-leaf-disease-classification/discussion/200722,Cassava Dataset V2,2020-12-02 00:32:31,2020-12-06 13:47:57,28
https://www.kaggle.com/c/cassava-leaf-disease-classification/discussion/198241,"[11/26 Updated] Pytorch Baseline Starter (Val: 0.932, Public LB: 0.900)",2020-11-20 20:10:22,2020-12-13 15:41:41,2
https://www.kaggle.com/c/cassava-leaf-disease-classification/discussion/202166,Some questions of beginner,2020-12-09 02:39:24,2020-12-09 07:55:11,4
https://www.kaggle.com/c/cassava-leaf-disease-classification/discussion/202468,Timing Out of Notebook During Training,2020-12-10 15:40:05,2020-12-11 13:19:35,2
https://www.kaggle.com/c/cassava-leaf-disease-classification/discussion/201917,Can I upload model trained locally to submit?,2020-12-07 18:11:31,2020-12-08 14:39:10,4
https://www.kaggle.com/c/cassava-leaf-disease-classification/discussion/199119,"TensorFlow , TPU Notebooks in Casava Competition -- All in one place",2020-11-24 22:41:45,2020-12-10 02:05:35,32
https://www.kaggle.com/c/cassava-leaf-disease-classification/discussion/199131,Merged(2019 && 2020)-Duplicates removed TFrecords - 512 x 512,2020-11-25 00:07:08,2020-12-11 06:20:44,12
https://www.kaggle.com/c/cassava-leaf-disease-classification/discussion/201293,Help with Submission Scoring Error,2020-12-04 11:55:36,2020-12-13 02:23:38,2
https://www.kaggle.com/c/cassava-leaf-disease-classification/discussion/198219,CV vs LB..,2020-11-20 18:34:07,2020-12-12 09:02:35,40
https://www.kaggle.com/c/cassava-leaf-disease-classification/discussion/201704,TPU Usage extremely low,2020-12-06 19:30:41,2020-12-10 20:17:57,12
https://www.kaggle.com/c/cassava-leaf-disease-classification/discussion/199276,[place holder] let's try something new ... vision transformer,2020-11-25 15:20:05,2020-12-07 20:58:44,40
https://www.kaggle.com/c/cassava-leaf-disease-classification/discussion/201950,How long does it take to submit prediction?,2020-12-07 22:20:43,2020-12-09 02:12:29,9
https://www.kaggle.com/c/cassava-leaf-disease-classification/discussion/201764,Normalizing dataset!,2020-12-07 02:10:24,2020-12-10 03:43:07,4
https://www.kaggle.com/c/cassava-leaf-disease-classification/discussion/201843,Notebook Timeout Error,2020-12-07 12:43:56,2020-12-10 15:02:07,8
https://www.kaggle.com/c/cassava-leaf-disease-classification/discussion/200201,Merged JPEG Dataset [Duplicates Removed],2020-11-29 21:04:08,2020-12-07 19:05:03,16
https://www.kaggle.com/c/cassava-leaf-disease-classification/discussion/201990,Question regarding tensorflow datasets and the map function,2020-12-08 03:05:05,2020-12-08 22:31:06,3
https://www.kaggle.com/c/cassava-leaf-disease-classification/discussion/201471,Noise in train and private test sets,2020-12-05 16:03:52,2020-12-09 13:21:30,4
https://www.kaggle.com/c/cassava-leaf-disease-classification/discussion/201570,Basic question: how to use pretrained models?,2020-12-06 01:11:22,2020-12-08 03:25:26,9
https://www.kaggle.com/c/cassava-leaf-disease-classification/discussion/202223,Will the sample_submission.csv update during the actual private evaluation stage?,2020-12-09 10:05:01,2020-12-10 02:15:32,2
https://www.kaggle.com/c/cassava-leaf-disease-classification/discussion/201515,What machine are you using and how long per epoch?,2020-12-05 21:04:38,2020-12-09 00:26:34,6
https://www.kaggle.com/c/cassava-leaf-disease-classification/discussion/201702,Tips to iterate quickly,2020-12-06 19:17:04,2020-12-10 00:05:45,1
https://www.kaggle.com/c/cassava-leaf-disease-classification/discussion/200211,Vision Transformer Notebook for Beginners,2020-11-29 22:08:07,2020-12-07 13:00:28,13
https://www.kaggle.com/c/cassava-leaf-disease-classification/discussion/201620,What is the competition metric?,2020-12-06 05:00:19,2020-12-09 21:14:27,3
https://www.kaggle.com/c/cassava-leaf-disease-classification/discussion/201709,Timm or Pretrainedmodels,2020-12-06 20:05:52,2020-12-07 10:45:09,4
https://www.kaggle.com/c/cassava-leaf-disease-classification/discussion/202080,How to use pre-trained data without internet,2020-12-08 17:03:52,2020-12-09 03:24:06,2
https://www.kaggle.com/c/cassava-leaf-disease-classification/discussion/198738,Using Git repositories without internet,2020-11-23 05:09:43,2020-12-10 19:55:51,13
https://www.kaggle.com/c/cassava-leaf-disease-classification/discussion/201955,Submission Error,2020-12-07 22:46:05,2020-12-08 03:05:20,4
https://www.kaggle.com/c/cassava-leaf-disease-classification/discussion/198647,submission failed,2020-11-22 17:28:09,2020-12-13 13:36:40,13
https://www.kaggle.com/c/cassava-leaf-disease-classification/discussion/201404,Batch Normalization after or before Activation function?,2020-12-05 04:05:05,2020-12-07 05:38:24,6
https://www.kaggle.com/c/cassava-leaf-disease-classification/discussion/202117,Learning with noise label?,2020-12-08 21:36:06,2020-12-08 23:30:20,1
https://www.kaggle.com/c/cassava-leaf-disease-classification/discussion/200920,Valid set and LeaderBoard scores are much diff,2020-12-02 21:01:29,2020-12-08 18:03:47,8
https://www.kaggle.com/c/cassava-leaf-disease-classification/discussion/201538,Some doubts regarding submission,2020-12-05 22:41:23,2020-12-06 15:55:48,4
https://www.kaggle.com/c/cassava-leaf-disease-classification/discussion/201705,Submission is taking a long time to process,2020-12-06 19:35:42,2020-12-06 23:40:35,4
https://www.kaggle.com/c/cassava-leaf-disease-classification/discussion/200828,1 Year into ML and still asking noob questions,2020-12-02 12:14:15,2020-12-04 03:00:33,7
https://www.kaggle.com/c/cassava-leaf-disease-classification/discussion/201967,why only 1 image for testing?,2020-12-07 23:46:15,2020-12-08 01:52:23,2
https://www.kaggle.com/c/cassava-leaf-disease-classification/discussion/201186,Improve VisionTransformer Baseline [over 0.89] with Out-of-box APIs,2020-12-04 00:37:05,2020-12-04 01:35:45,1
https://www.kaggle.com/c/cassava-leaf-disease-classification/discussion/201473,Submission is taking a long time to process,2020-12-05 16:13:01,2020-12-06 07:37:55,11
https://www.kaggle.com/c/cassava-leaf-disease-classification/discussion/201552,OCD on Seeding: Deviations of results in different environments after Seeding.,2020-12-05 23:53:37,2020-12-07 02:43:52,1
https://www.kaggle.com/c/cassava-leaf-disease-classification/discussion/200803,Upcoming rescore [complete],2020-12-02 08:51:33,2020-12-03 01:41:23,14
https://www.kaggle.com/c/cassava-leaf-disease-classification/discussion/201775,Error while submission,2020-12-07 03:56:12,2020-12-07 22:55:43,1
https://www.kaggle.com/c/cassava-leaf-disease-classification/discussion/201528,Data Not Available? Issue with Kaggle API?,2020-12-05 22:12:01,2020-12-06 09:39:42,5
https://www.kaggle.com/c/cassava-leaf-disease-classification/discussion/200746,LeafGAN was released!,2020-12-02 02:18:18,2020-12-02 19:39:05,7
https://www.kaggle.com/c/cassava-leaf-disease-classification/discussion/199414,Update to tfrecords,2020-11-26 01:42:30,2020-12-08 11:17:15,2
https://www.kaggle.com/c/cassava-leaf-disease-classification/discussion/198299,How to download full dataset on Colab?,2020-11-21 00:52:58,2020-12-12 11:17:54,9
https://www.kaggle.com/c/cassava-leaf-disease-classification/discussion/201213,Augmentation only on the minority class.,2020-12-04 02:56:42,2020-12-04 19:42:04,4
https://www.kaggle.com/c/cassava-leaf-disease-classification/discussion/201614,Setup Dataset using Kaggle API (Colab/Local Machine Solution),2020-12-06 04:33:22,2020-12-06 04:53:21,1
https://www.kaggle.com/c/cassava-leaf-disease-classification/discussion/199692,üåø ‚òòÔ∏è üçÄ Deep Learning + Plant Disease Classification Research Papers - Compilation,2020-11-27 05:34:15,2020-12-05 15:53:22,10
https://www.kaggle.com/c/cassava-leaf-disease-classification/discussion/200886,"Please , release the removed images for all participants",2020-12-02 18:42:51,2020-12-03 02:30:20,4
https://www.kaggle.com/c/cassava-leaf-disease-classification/discussion/201513,where will be the output of the notebook!?,2020-12-05 20:58:09,2020-12-07 00:27:21,3
https://www.kaggle.com/c/cassava-leaf-disease-classification/discussion/199606,What do you think about the quality of the labeling (or how many errors are in labels)?,2020-11-26 21:17:34,2020-12-03 11:26:15,22
https://www.kaggle.com/c/cassava-leaf-disease-classification/discussion/201514,[Error-404] Kaggle API,2020-12-05 21:00:23,2020-12-06 04:35:10,1
https://www.kaggle.com/c/cassava-leaf-disease-classification/discussion/200855,Synthetic Minority Oversampling Technique (SMOTE),2020-12-02 15:01:23,2020-12-04 22:46:51,8
https://www.kaggle.com/c/cassava-leaf-disease-classification/discussion/201418,"Kaggle bug - the notebooks have wrong ""best score""",2020-12-05 06:51:50,2020-12-05 06:51:50,0
https://www.kaggle.com/c/cassava-leaf-disease-classification/discussion/199903,Using GANs for data augmentation,2020-11-28 07:11:49,2020-12-04 01:54:45,15
https://www.kaggle.com/c/cassava-leaf-disease-classification/discussion/198744,Stratified TFRecords datasets,2020-11-23 05:32:24,2020-12-07 08:09:00,11
https://www.kaggle.com/c/cassava-leaf-disease-classification/discussion/200696,Loss Functions for Multiclass imbalanced data,2020-12-01 22:25:13,2020-12-03 23:41:58,7
https://www.kaggle.com/c/cassava-leaf-disease-classification/discussion/198788,How much time does it take for the submission to show result in a very simple model.,2020-11-23 12:48:20,2020-12-13 05:35:02,4
https://www.kaggle.com/c/cassava-leaf-disease-classification/discussion/201251,My Understanding related to a TTA (Test Time Augmentation),2020-12-04 05:18:53,2020-12-04 08:42:52,4
https://www.kaggle.com/c/cassava-leaf-disease-classification/discussion/201320,can i use some way of lossless image compression ?,2020-12-04 16:56:31,2020-12-04 20:53:21,2
https://www.kaggle.com/c/cassava-leaf-disease-classification/discussion/201031,label_num_to_disease_map.json,2020-12-03 07:18:28,2020-12-04 10:35:56,2
https://www.kaggle.com/c/cassava-leaf-disease-classification/discussion/201306,How to make a first successful submission when you know a little bit of Python,2020-12-04 14:04:45,2020-12-04 14:04:45,0
https://www.kaggle.com/c/cassava-leaf-disease-classification/discussion/201439,Is there one test image?,2020-12-05 12:15:25,2020-12-05 15:39:58,1
https://www.kaggle.com/c/cassava-leaf-disease-classification/discussion/200412,Some Insights about the Data,2020-11-30 20:59:43,2020-12-01 13:04:21,4
https://www.kaggle.com/c/cassava-leaf-disease-classification/discussion/201209,Good To Know Facts,2020-12-04 02:34:56,2020-12-04 17:45:23,10
https://www.kaggle.com/c/cassava-leaf-disease-classification/discussion/200854,Data not found ? in data explorer,2020-12-02 15:00:44,2020-12-05 14:14:46,2
https://www.kaggle.com/c/cassava-leaf-disease-classification/discussion/201278,Any idea why it is taking like 30 mins to just run first epoch,2020-12-04 10:06:56,2020-12-05 18:00:57,2
https://www.kaggle.com/c/cassava-leaf-disease-classification/discussion/199902,External data: Mendeley Leaves,2020-11-28 06:53:13,2020-12-01 06:41:10,3
https://www.kaggle.com/c/cassava-leaf-disease-classification/discussion/201052,Did something change with the leaderboard?,2020-12-03 08:43:40,2020-12-03 10:38:03,2
https://www.kaggle.com/c/cassava-leaf-disease-classification/discussion/201166,Download the dataset on google Colab,2020-12-03 22:28:09,2020-12-03 22:51:15,2
https://www.kaggle.com/c/cassava-leaf-disease-classification/discussion/201155,Classwise probability threshold calibration?,2020-12-03 21:21:50,2020-12-03 21:21:50,0
https://www.kaggle.com/c/cassava-leaf-disease-classification/discussion/200807,CenterCrop + Resize on validation dataset,2020-12-02 09:20:12,2020-12-02 11:56:49,3
https://www.kaggle.com/c/cassava-leaf-disease-classification/discussion/200952,How to properly pick the test fold in k-fold validation?,2020-12-02 23:00:14,2020-12-04 00:30:07,3
https://www.kaggle.com/c/cassava-leaf-disease-classification/discussion/200460,A way to scrape more data from google,2020-12-01 02:03:19,2020-12-01 23:51:34,3
https://www.kaggle.com/c/cassava-leaf-disease-classification/discussion/199786,Pseudo-Labelling Improved My LB,2020-11-27 19:03:50,2020-12-01 02:43:36,22
https://www.kaggle.com/c/cassava-leaf-disease-classification/discussion/198122,Great to see a competition from and for Africa,2020-11-20 06:41:26,2020-12-03 07:50:32,4
https://www.kaggle.com/c/cassava-leaf-disease-classification/discussion/198135,Competition Metric,2020-11-20 08:01:20,2020-12-01 05:54:12,36
https://www.kaggle.com/c/cassava-leaf-disease-classification/discussion/200901,erroneous labeling,2020-12-02 19:38:45,2020-12-03 17:03:47,5
https://www.kaggle.com/c/cassava-leaf-disease-classification/discussion/200308,Newbie Questions using Pretrained model with Internet Off?,2020-11-30 07:40:17,2020-12-02 23:49:37,8
https://www.kaggle.com/c/cassava-leaf-disease-classification/discussion/200890,'NoneType' object is not subscriptable?,2020-12-02 18:54:52,2020-12-04 21:09:50,6
https://www.kaggle.com/c/cassava-leaf-disease-classification/discussion/200643,Why cannot see my submissionÔºü,2020-12-01 18:19:37,2020-12-03 10:57:21,5
https://www.kaggle.com/c/cassava-leaf-disease-classification/discussion/198620,Fmix v.s. Cutmix Simple Explanation and Visualizations,2020-11-22 14:01:10,2020-12-01 16:30:51,6
https://www.kaggle.com/c/cassava-leaf-disease-classification/discussion/199548,Insights of Not Over-fitting to LB,2020-11-26 15:42:00,2020-11-28 00:03:39,1
https://www.kaggle.com/c/cassava-leaf-disease-classification/discussion/200748,What is Inference ?,2020-12-02 02:20:00,2020-12-02 13:16:59,2
https://www.kaggle.com/c/cassava-leaf-disease-classification/discussion/200805,What's wrong with the leaderboard?,2020-12-02 08:58:33,2020-12-02 09:03:10,2
https://www.kaggle.com/c/cassava-leaf-disease-classification/discussion/200179,Cosine Annealing Warm Restarts Scheduler Research Paper,2020-11-29 17:46:28,2020-11-30 22:54:36,2
https://www.kaggle.com/c/cassava-leaf-disease-classification/discussion/200821,Pseudo label permited in this competetion?,2020-12-02 11:21:03,2020-12-04 00:24:27,2
https://www.kaggle.com/c/cassava-leaf-disease-classification/discussion/200876,Newbie question: Can not load efficient net weights,2020-12-02 17:17:45,2020-12-02 18:23:35,4
https://www.kaggle.com/c/cassava-leaf-disease-classification/discussion/199102,Some images are misclassified as Healthy,2020-11-24 20:57:55,2020-12-03 23:02:15,3
https://www.kaggle.com/c/cassava-leaf-disease-classification/discussion/200301,External Data Questions,2020-11-30 06:34:19,2020-11-30 09:38:19,2
https://www.kaggle.com/c/cassava-leaf-disease-classification/discussion/200182,How much is randomness affecting...,2020-11-29 17:54:28,2020-12-02 22:32:55,13
https://www.kaggle.com/c/cassava-leaf-disease-classification/discussion/198747,Can I use locally trained models?,2020-11-23 06:14:23,2020-12-02 20:45:01,10
https://www.kaggle.com/c/cassava-leaf-disease-classification/discussion/199920,Misconceptions about fastai and PyTorch - Too Much Magic,2020-11-28 09:36:46,2020-11-29 01:24:18,6
https://www.kaggle.com/c/cassava-leaf-disease-classification/discussion/200363,Web scraping,2020-11-30 16:21:22,2020-11-30 16:21:22,0
https://www.kaggle.com/c/cassava-leaf-disease-classification/discussion/200889,Submission CSV Not Found,2020-12-02 18:54:44,2020-12-02 20:50:49,5
https://www.kaggle.com/c/cassava-leaf-disease-classification/discussion/198987,Cassava Brown Streak Disease unusual instances,2020-11-24 07:47:06,2020-11-30 17:20:30,7
https://www.kaggle.com/c/cassava-leaf-disease-classification/discussion/200877,Weight download question,2020-12-02 17:28:04,2020-12-02 18:47:31,5
https://www.kaggle.com/c/cassava-leaf-disease-classification/discussion/200239,OOM in Kaggle Notebook,2020-11-30 00:38:30,2020-11-30 20:36:56,3
https://www.kaggle.com/c/cassava-leaf-disease-classification/discussion/200618,"What's ""single model"" exactly?",2020-12-01 15:52:39,2020-12-01 19:21:01,3
https://www.kaggle.com/c/cassava-leaf-disease-classification/discussion/198131,Previous Cassava Leaf Disease Classification,2020-11-20 07:09:20,2020-11-28 04:36:10,22
https://www.kaggle.com/c/cassava-leaf-disease-classification/discussion/200393,Submission Score is 0.00 Always,2020-11-30 19:07:07,2020-12-02 14:12:58,3
https://www.kaggle.com/c/cassava-leaf-disease-classification/discussion/199602,Merged Dataset with Previous Kaggle Cassava Leaf Disease Competition,2020-11-26 20:48:11,2020-11-29 03:21:19,6
https://www.kaggle.com/c/cassava-leaf-disease-classification/discussion/199631,Mixed Precision Training,2020-11-26 23:22:09,2020-11-29 14:27:08,1
https://www.kaggle.com/c/cassava-leaf-disease-classification/discussion/200371,Upsampled dataset,2020-11-30 17:16:17,2020-11-30 20:13:01,1
https://www.kaggle.com/c/cassava-leaf-disease-classification/discussion/200276,Submission Scoring Error,2020-11-30 04:17:01,2020-12-02 00:12:08,8
https://www.kaggle.com/c/cassava-leaf-disease-classification/discussion/199996,Do we know the correct classification for the test image?,2020-11-28 18:08:50,2020-12-02 03:20:42,4
https://www.kaggle.com/c/cassava-leaf-disease-classification/discussion/200624,Considerations for the competition,2020-12-01 16:17:33,2020-12-01 16:17:33,0
https://www.kaggle.com/c/cassava-leaf-disease-classification/discussion/198409,Which is faster to learn PyTorch or TF?,2020-11-21 15:03:31,2020-12-01 02:27:54,11
https://www.kaggle.com/c/cassava-leaf-disease-classification/discussion/200224,Why suddenly I am getting No such file or directory: '/kaggle/input/cassava-leaf-disease-classification/train.csv Error?,2020-11-29 23:32:41,2020-11-30 07:36:27,4
https://www.kaggle.com/c/cassava-leaf-disease-classification/discussion/199980,applied Augmentations with/without Normalize,2020-11-28 16:46:58,2020-11-29 14:42:19,6
https://www.kaggle.com/c/cassava-leaf-disease-classification/discussion/199856,Predicting Inference Time in EfficientNets,2020-11-28 01:52:59,2020-11-28 01:52:59,0
https://www.kaggle.com/c/cassava-leaf-disease-classification/discussion/200020,Fast loading of images in PyTorch,2020-11-28 20:30:59,2020-11-30 06:20:18,2
https://www.kaggle.com/c/cassava-leaf-disease-classification/discussion/200230,Notebook/ Dataset help,2020-11-30 00:15:29,2020-12-01 19:13:33,1
https://www.kaggle.com/c/cassava-leaf-disease-classification/discussion/200019,Unable to preview or download individual files,2020-11-28 20:30:37,2020-11-30 03:59:09,1
https://www.kaggle.com/c/cassava-leaf-disease-classification/discussion/200347,About the evaluation,2020-11-30 13:58:06,2020-11-30 17:07:12,1
https://www.kaggle.com/c/cassava-leaf-disease-classification/discussion/198146,Research Papers related to this competition,2020-11-20 09:24:55,2020-11-26 08:11:47,6
https://www.kaggle.com/c/cassava-leaf-disease-classification/discussion/199042,Anyone willing to team up for this competition.,2020-11-24 15:00:14,2020-12-03 00:33:19,1
https://www.kaggle.com/c/cassava-leaf-disease-classification/discussion/199956,Data imbalanced,2020-11-28 14:24:27,2020-11-29 01:16:56,3
https://www.kaggle.com/c/cassava-leaf-disease-classification/discussion/198812,Similar Images Competition,2020-11-23 14:43:22,2020-11-26 18:11:34,2
https://www.kaggle.com/c/cassava-leaf-disease-classification/discussion/198244,Ideas for Further Improving Public Kernels,2020-11-20 20:14:51,2020-11-25 18:08:41,6
https://www.kaggle.com/c/cassava-leaf-disease-classification/discussion/199511,How to save trained model in Kaggle?,2020-11-26 11:28:05,2020-12-01 00:17:30,2
https://www.kaggle.com/c/cassava-leaf-disease-classification/discussion/200077,How load weights off-line?,2020-11-29 02:48:42,2020-11-30 01:39:11,4
https://www.kaggle.com/c/cassava-leaf-disease-classification/discussion/199883,Save output with quick save,2020-11-28 04:31:45,2020-11-28 06:45:54,2
https://www.kaggle.com/c/cassava-leaf-disease-classification/discussion/199730,Is submission from Google Colab possible for this competition?,2020-11-27 13:40:21,2020-11-28 13:56:23,5
https://www.kaggle.com/c/cassava-leaf-disease-classification/discussion/198272,Something wrong with organizer's tfrecords files. (closed),2020-11-20 23:03:45,2020-11-26 10:19:08,22
https://www.kaggle.com/c/cassava-leaf-disease-classification/discussion/198805,Best single model,2020-11-23 14:12:42,2020-11-24 18:54:17,12
https://www.kaggle.com/c/cassava-leaf-disease-classification/discussion/199579,Is it worth trying to use the previous competition data as external data?,2020-11-26 18:37:51,2020-11-27 23:47:51,1
https://www.kaggle.com/c/cassava-leaf-disease-classification/discussion/199841,download the official cassava dataset from the google api,2020-11-28 00:58:02,2020-11-28 04:10:45,2
https://www.kaggle.com/c/cassava-leaf-disease-classification/discussion/199539,Can we use old competition data? (probably),2020-11-26 14:37:59,2020-11-26 14:37:59,0
https://www.kaggle.com/c/cassava-leaf-disease-classification/discussion/199743,Can vgg16 work in this competition?,2020-11-27 14:58:11,2020-11-27 17:13:11,3
https://www.kaggle.com/c/cassava-leaf-disease-classification/discussion/199775,EfficientNet B5 - Keras model files,2020-11-27 17:55:04,2020-11-27 17:55:04,0
https://www.kaggle.com/c/cassava-leaf-disease-classification/discussion/198202,Duplicate Images,2020-11-20 17:14:36,2020-11-23 18:25:26,6
https://www.kaggle.com/c/cassava-leaf-disease-classification/discussion/198806,"cassavas, not cassava leaves",2020-11-23 14:12:49,2020-11-24 16:38:56,10
https://www.kaggle.com/c/cassava-leaf-disease-classification/discussion/199145,The notebook tried to allocate more memory than available,2020-11-25 01:06:51,2020-11-26 07:10:28,3
https://www.kaggle.com/c/cassava-leaf-disease-classification/discussion/199935,Looking for Team mate,2020-11-28 13:05:20,2020-11-28 13:05:20,0
https://www.kaggle.com/c/cassava-leaf-disease-classification/discussion/198377,Why they are many more PyTorch notebooks than TF,2020-11-21 07:38:03,2020-11-26 05:44:49,18
https://www.kaggle.com/c/cassava-leaf-disease-classification/discussion/199780,How to make submission if we train a model in colab,2020-11-27 18:25:36,2020-11-27 20:49:06,1
https://www.kaggle.com/c/cassava-leaf-disease-classification/discussion/199124,Why so many 0.614s?,2020-11-24 23:18:55,2020-11-28 22:27:37,4
https://www.kaggle.com/c/cassava-leaf-disease-classification/discussion/198455,I create resized datasets (jpeg & tfrecord).,2020-11-21 19:04:55,2020-11-24 05:31:44,4
https://www.kaggle.com/c/cassava-leaf-disease-classification/discussion/199889,UnavailableError: failed to connect to all addresses,2020-11-28 04:49:49,2020-11-28 04:49:49,0
https://www.kaggle.com/c/cassava-leaf-disease-classification/discussion/199714,How to choose the version of training weight?,2020-11-27 10:23:53,2020-11-27 17:04:41,2
https://www.kaggle.com/c/cassava-leaf-disease-classification/discussion/198158,Does the data of this competition overlap with the previous competition?,2020-11-20 10:58:06,2020-11-26 01:33:25,3
https://www.kaggle.com/c/cassava-leaf-disease-classification/discussion/198996,A question about TPU,2020-11-24 09:46:03,2020-11-28 11:57:17,13
https://www.kaggle.com/c/cassava-leaf-disease-classification/discussion/199580,Copy of TPU notebook with maximum weekly TPU reached,2020-11-26 18:39:21,2020-11-27 06:26:13,2
https://www.kaggle.com/c/cassava-leaf-disease-classification/discussion/198260,Keras pretrained models dataset,2020-11-20 22:16:02,2020-11-27 22:46:30,3
https://www.kaggle.com/c/cassava-leaf-disease-classification/discussion/199056,where are test dataset?,2020-11-24 16:08:01,2020-11-24 22:32:35,3
https://www.kaggle.com/c/cassava-leaf-disease-classification/discussion/199345,What is the labelling procedure for this data?,2020-11-25 20:48:26,2020-11-25 20:48:26,0
https://www.kaggle.com/c/cassava-leaf-disease-classification/discussion/199740,How Pseudo Labeling and Stacking is done.,2020-11-27 14:38:01,2020-11-27 14:38:01,0
https://www.kaggle.com/c/cassava-leaf-disease-classification/discussion/198596,TPU does not work with TF greater than 2.2!,2020-11-22 11:31:31,2020-11-24 22:07:42,4
https://www.kaggle.com/c/cassava-leaf-disease-classification/discussion/198989,Internet should be disabled,2020-11-24 08:29:19,2020-11-25 20:12:16,11
https://www.kaggle.com/c/cassava-leaf-disease-classification/discussion/199468,Large difference between CV and LB (closed),2020-11-26 05:34:32,2020-11-26 07:59:51,7
https://www.kaggle.com/c/cassava-leaf-disease-classification/discussion/199459,Stratified TF Records,2020-11-26 04:34:45,2020-11-26 04:34:45,0
https://www.kaggle.com/c/cassava-leaf-disease-classification/discussion/198907,Is cassava segmentation possible?,2020-11-24 00:04:51,2020-11-28 22:38:08,1
https://www.kaggle.com/c/cassava-leaf-disease-classification/discussion/199372,Small (but crucial) tip for beginners regarding using separate notebooks for training and inference,2020-11-25 22:44:53,2020-11-25 22:44:53,0
https://www.kaggle.com/c/cassava-leaf-disease-classification/discussion/198363,There might be some wrong labels,2020-11-21 05:50:53,2020-11-23 21:38:08,3
https://www.kaggle.com/c/cassava-leaf-disease-classification/discussion/199212,"TPU ""UnavailableError: Socket closed""",2020-11-25 06:05:46,2020-11-25 06:05:46,0
https://www.kaggle.com/c/cassava-leaf-disease-classification/discussion/198410,Submission with only label=3 scores 0.61,2020-11-21 15:07:02,2020-11-22 05:57:51,1
https://www.kaggle.com/c/cassava-leaf-disease-classification/discussion/198919,Unable to submit and view my score on the leaderboard,2020-11-24 01:00:25,2020-11-26 20:48:43,1
https://www.kaggle.com/c/cassava-leaf-disease-classification/discussion/198454,TFRecords is wrong ??,2020-11-21 18:48:07,2020-11-26 02:46:51,3
https://www.kaggle.com/c/cassava-leaf-disease-classification/discussion/199295,How to use Se-ResNEXT models in TF ?,2020-11-25 16:56:49,2020-11-25 23:35:51,2
https://www.kaggle.com/c/cassava-leaf-disease-classification/discussion/199150,Question: Image sizing for Efficientnet,2020-11-25 01:17:00,2020-11-25 19:54:13,2
https://www.kaggle.com/c/cassava-leaf-disease-classification/discussion/198594,[Issue] Downloading data Using kaggle-api,2020-11-22 10:56:30,2020-11-24 20:46:29,2
https://www.kaggle.com/c/cassava-leaf-disease-classification/discussion/199311,Keep TPU Notebook alive for more than 15 minutes?,2020-11-25 18:53:51,2020-11-25 20:15:58,6
https://www.kaggle.com/c/cassava-leaf-disease-classification/discussion/198731,Looking what CNN learns,2020-11-23 03:09:09,2020-11-23 12:48:15,4
https://www.kaggle.com/c/cassava-leaf-disease-classification/discussion/198679,More digits in the LB,2020-11-22 21:20:50,2020-11-25 00:55:58,2
https://www.kaggle.com/c/cassava-leaf-disease-classification/discussion/199428,KaggleDatasets().get_gcs_path() Connection error,2020-11-26 02:37:33,2020-11-26 02:50:55,1
https://www.kaggle.com/c/cassava-leaf-disease-classification/discussion/198584,Incidence of disease in Cassava plants in Africa (and impact on metric choice),2020-11-22 08:33:47,2020-11-22 08:33:47,0
https://www.kaggle.com/c/cassava-leaf-disease-classification/discussion/199287,[Help needed] How do I pick a the out channels for a simple CNN model?,2020-11-25 16:16:30,2020-11-26 03:28:11,3
https://www.kaggle.com/c/cassava-leaf-disease-classification/discussion/199066,Training model when internet is disabled ?,2020-11-24 17:03:16,2020-11-25 16:57:41,1
https://www.kaggle.com/c/cassava-leaf-disease-classification/discussion/198894,Youtube videos relating disease of this competition,2020-11-23 23:03:54,2020-11-23 23:03:54,0
https://www.kaggle.com/c/cassava-leaf-disease-classification/discussion/199238,Are the size fixed at 600√ó800 on both public test and private test ?,2020-11-25 10:22:25,2020-11-25 14:26:38,1
https://www.kaggle.com/c/cassava-leaf-disease-classification/discussion/198725,How to import Keras models without internet for submission notebook?,2020-11-23 02:36:43,2020-11-24 05:24:06,7
https://www.kaggle.com/c/cassava-leaf-disease-classification/discussion/198422,Recreating tfrecords makes score better,2020-11-21 15:57:00,2020-11-21 15:57:00,0
https://www.kaggle.com/c/cassava-leaf-disease-classification/discussion/198190,Organizer's Baseline for TPU training,2020-11-20 16:11:22,2020-11-21 11:45:26,10
https://www.kaggle.com/c/cassava-leaf-disease-classification/discussion/198832,[Paper] Disease Classification in Eggplant Using Pre-trained VGG16 and MSVM,2020-11-23 16:40:01,2020-11-23 16:40:01,0
https://www.kaggle.com/c/cassava-leaf-disease-classification/discussion/198530,Which way is the most appropriate for making submission?,2020-11-22 02:17:58,2020-11-22 03:31:15,2
https://www.kaggle.com/c/cassava-leaf-disease-classification/discussion/198875,"Interesting Dataset on Leaf Disease , For Using Pretrained Models !",2020-11-23 21:55:07,2020-11-23 21:55:07,0
https://www.kaggle.com/c/cassava-leaf-disease-classification/discussion/198263,Query regarding Test dataset,2020-11-20 22:21:05,2020-11-21 22:59:38,4
https://www.kaggle.com/c/cassava-leaf-disease-classification/discussion/198721,Making predictions using TF datasets on GPU,2020-11-23 02:15:48,2020-11-23 02:15:48,0
https://www.kaggle.com/c/cassava-leaf-disease-classification/discussion/198816,submission csv not found,2020-11-23 15:13:28,2020-11-24 08:58:15,3
https://www.kaggle.com/c/cassava-leaf-disease-classification/discussion/198197,Transfer learning - Which model best suits for cassava leaf classification ?,2020-11-20 16:59:03,2020-11-24 13:45:59,3
https://www.kaggle.com/c/cassava-leaf-disease-classification/discussion/198839,Any suggestions to improve f1 score,2020-11-23 17:41:37,2020-11-23 23:47:51,2
https://www.kaggle.com/c/cassava-leaf-disease-classification/discussion/198842,Handling imbalanced datasets,2020-11-23 18:01:16,2020-11-23 18:01:16,0
https://www.kaggle.com/c/cassava-leaf-disease-classification/discussion/198627,TSNE visualization gone wrong,2020-11-22 14:37:53,2020-11-22 14:37:53,0
https://www.kaggle.com/c/cassava-leaf-disease-classification/discussion/198174,Submission Score Error,2020-11-20 13:45:11,2020-11-24 01:52:00,3
https://www.kaggle.com/c/cassava-leaf-disease-classification/discussion/198229,Loading train_images,2020-11-20 19:31:20,2020-11-22 02:28:03,3
https://www.kaggle.com/c/cassava-leaf-disease-classification/discussion/198200,How to use the FastAI 1.x ? ...,2020-11-20 17:09:22,2020-11-22 21:22:00,3
https://www.kaggle.com/c/cassava-leaf-disease-classification/discussion/198435,How to import external library?,2020-11-21 16:53:46,2020-11-22 04:21:37,7
https://www.kaggle.com/c/cassava-leaf-disease-classification/discussion/198182,Is the competition metric sensative to class imbalance?,2020-11-20 14:56:27,2020-11-21 23:03:37,5
https://www.kaggle.com/c/cassava-leaf-disease-classification/discussion/198291,Nosedive - EDA cum Image Processing,2020-11-21 00:18:56,2020-11-21 00:18:56,0
https://www.kaggle.com/c/cassava-leaf-disease-classification/discussion/198198,Is K fold Cross Validation helps for this imbalance problem ?,2020-11-20 17:01:00,2020-11-20 17:18:36,1
https://www.kaggle.com/c/cassava-leaf-disease-classification/discussion/198159,Papers on Crop Image Detection,2020-11-20 11:06:28,2020-11-20 17:27:05,1
https://www.kaggle.com/c/cassava-leaf-disease-classification/discussion/198676,New model proposal: Vision Transformer,2020-11-22 20:50:53,2020-11-22 20:50:53,0
https://www.kaggle.com/c/cassava-leaf-disease-classification/discussion/198476,Is submission from outside? (colab),2020-11-21 21:07:52,2020-11-22 03:25:59,1
https://www.kaggle.com/c/cassava-leaf-disease-classification/discussion/198177,Different Approaches To Solve This Problem,2020-11-20 14:35:03,2020-11-22 03:03:50,1
https://www.kaggle.com/c/cassava-leaf-disease-classification/discussion/198230,Image Statistics DATASET Compiled - For EDA,2020-11-20 19:33:44,2020-11-20 19:33:44,0
https://www.kaggle.com/c/cassava-leaf-disease-classification/discussion/198169,TF Records - introduction resources,2020-11-20 12:21:00,2020-11-20 12:21:00,0
https://www.kaggle.com/c/cassava-leaf-disease-classification/discussion/198259,Image quality control,2020-11-20 21:59:22,2020-11-21 09:44:55,1
